{
  "@charset": {
    "syntax": "@charset \"&lt;charset&gt;\";",
    "groups": [
      "CSS Charsets"
    ],
    "status": "standard"
  },
  "@counter-style": {
    "syntax": "@counter-style &lt;counter-style-name&gt; {\n  [ system: &lt;counter-system&gt;; ] ||\n  [ symbols: &lt;counter-symbols&gt;; ] ||\n  [ additive-symbols: &lt;additive-symbols&gt;; ] ||\n  [ negative: &lt;negative-symbol&gt;; ] ||\n  [ prefix: &lt;prefix&gt;; ] ||\n  [ suffix: &lt;suffix&gt;; ] ||\n  [ range: &lt;range&gt;; ] ||\n  [ pad: &lt;padding&gt;; ] ||\n  [ speak-as: &lt;speak-as&gt;; ] ||\n  [ fallback: &lt;counter-style-name&gt;; ]\n}",
    "interfaces": [
      "CSSCounterStyleRule"
    ],
    "groups": [
      "CSS Lists and Counters"
    ],
    "descriptors": {
      "additive-symbols": {
        "syntax": "[ &lt;integer&gt; &amp;&amp; &lt;symbol&gt; ]#",
        "media": "all",
        "initial": "N/A",
        "percentages": "no",
        "computed": "asSpecified",
        "order": "orderOfAppearance",
        "status": "standard"
      },
      "fallback": {
        "syntax": "&lt;counter-style-name&gt;",
        "media": "all",
        "initial": "<code>decimal</code>",
        "percentages": "no",
        "computed": "asSpecified",
        "order": "uniqueOrder",
        "status": "standard"
      },
      "negative": {
        "syntax": "&lt;symbol&gt; &lt;symbol&gt;?",
        "media": "all",
        "initial": "\"-\" hyphen-minus",
        "percentages": "no",
        "computed": "asSpecified",
        "order": "orderOfAppearance",
        "status": "standard"
      },
      "pad": {
        "syntax": "&lt;integer&gt; &amp;&amp; &lt;symbol&gt;",
        "media": "all",
        "initial": "<code>0 \"\"</code>",
        "percentages": "no",
        "computed": "asSpecified",
        "order": "uniqueOrder",
        "status": "standard"
      },
      "prefix": {
        "syntax": "&lt;symbol&gt;",
        "media": "all",
        "initial": "the empty string",
        "percentages": "no",
        "computed": "asSpecified",
        "order": "uniqueOrder",
        "status": "standard"
      },
      "range": {
        "syntax": "[ [ &lt;integer&gt; | infinite ]{2} ]# | auto",
        "media": "all",
        "initial": "<code>auto</code>",
        "percentages": "no",
        "computed": "asSpecified",
        "order": "orderOfAppearance",
        "status": "standard"
      },
      "speak-as": {
        "syntax": "auto | bullets | numbers | words | spell-out | &lt;counter-style-name&gt;",
        "media": "all",
        "initial": "<code>auto</code>",
        "percentages": "no",
        "computed": "asSpecified",
        "order": "uniqueOrder",
        "status": "standard"
      },
      "suffix": {
        "syntax": "&lt;symbol&gt;",
        "media": "all",
        "initial": "\".\" full stop followed by a space",
        "percentages": "no",
        "computed": "asSpecified",
        "order": "uniqueOrder",
        "status": "standard"
      },
      "symbols": {
        "syntax": "&lt;symbol&gt;+",
        "media": "all",
        "initial": "N/A",
        "percentages": "no",
        "computed": "asSpecified",
        "order": "orderOfAppearance",
        "status": "standard"
      },
      "system": {
        "syntax": "cyclic | numeric | alphabetic | symbolic | additive | [ fixed &lt;integer&gt;? ] | [ extends &lt;counter-style-name&gt; ]",
        "media": "all",
        "initial": "<code>symbolic</code>",
        "percentages": "no",
        "computed": "asSpecified",
        "order": "uniqueOrder",
        "status": "standard"
      }
    },
    "status": "standard"
  },
  "@document": {
    "syntax": "@document [ &lt;url&gt; | url-prefix(&lt;string&gt;) | domain(&lt;string&gt;) | regexp(&lt;string&gt;) ]# {\n  &lt;group-rule-body&gt;\n}",
    "interfaces": [
      "CSSGroupingRule",
      "CSSConditionRule"
    ],
    "groups": [
      "CSS Conditional Rules"
    ],
    "status": "nonstandard"
  },
  "@font-face": {
    "syntax": "@font-face {\n  [ font-family: &lt;family-name&gt;; ] ||\n  [ src: [ &lt;url&gt; [ format(&lt;string&gt;#) ]? | &lt;font-face-name&gt; ]#; ] ||\n  [ unicode-range: &lt;urange&gt;#; ] ||\n  [ font-variant: &lt;font-variant&gt;; ] ||\n  [ font-feature-settings: normal | &lt;feature-tag-value&gt;#; ] ||\n  [ font-stretch: &lt;font-stretch&gt;; ] ||\n  [ font-weight: &lt;weight&gt;; ] ||\n  [ font-style: &lt;style&gt;; ]\n}",
    "interfaces": [
      "CSSFontFaceRule"
    ],
    "groups": [
      "CSS Fonts"
    ],
    "descriptors": {
      "font-display": {
        "syntax": "[ auto | block | swap | fallback | optional ]",
        "media": "visual",
        "percentages": "no",
        "initial": "auto",
        "computed": "asSpecified",
        "order": "uniqueOrder",
        "status": "experimental"
      },
      "font-family": {
        "syntax": "&lt;family-name&gt;",
        "media": "all",
        "initial": "n/a (required)",
        "percentages": "no",
        "computed": "asSpecified",
        "order": "uniqueOrder",
        "status": "standard"
      },
      "font-feature-settings": {
        "syntax": "normal | &lt;feature-tag-value&gt;#",
        "media": "all",
        "initial": "<code>normal</code>",
        "percentages": "no",
        "computed": "asSpecified",
        "order": "orderOfAppearance",
        "status": "standard"
      },
      "font-stretch": {
        "syntax": "normal | ultra-condensed | extra-condensed | condensed | semi-condensed | semi-expanded | expanded | extra-expanded | ultra-expanded",
        "media": "all",
        "initial": "<code>normal</code>",
        "percentages": "no",
        "computed": "asSpecified",
        "order": "uniqueOrder",
        "status": "standard"
      },
      "font-style": {
        "syntax": "normal | italic | oblique",
        "media": "all",
        "initial": "<code>normal</code>",
        "percentages": "no",
        "computed": "asSpecified",
        "order": "uniqueOrder",
        "status": "standard"
      },
      "font-weight": {
        "syntax": "normal | bold | 100 | 200 | 300 | 400 | 500 | 600 | 700 | 800 | 900",
        "media": "all",
        "initial": "<code>normal</code>",
        "percentages": "no",
        "computed": "asSpecified",
        "order": "uniqueOrder",
        "status": "standard"
      },
      "font-variant": {
        "syntax": "normal | none | [ &lt;common-lig-values&gt; || &lt;discretionary-lig-values&gt; || &lt;historical-lig-values&gt; || &lt;contextual-alt-values&gt; || stylistic(&lt;feature-value-name&gt;) || historical-forms || styleset(&lt;feature-value-name&gt;#) || character-variant(&lt;feature-value-name&gt;#) || swash(&lt;feature-value-name&gt;) || ornaments(&lt;feature-value-name&gt;) || annotation(&lt;feature-value-name&gt;) || [ small-caps | all-small-caps | petite-caps | all-petite-caps | unicase | titling-caps ] || &lt;numeric-figure-values&gt; || &lt;numeric-spacing-values&gt; || &lt;numeric-fraction-values&gt; || ordinal || slashed-zero || &lt;east-asian-variant-values&gt; || &lt;east-asian-width-values&gt; || ruby ]",
        "media": "all",
        "initial": "<code>normal</code>",
        "percentages": "no",
        "computed": "asSpecified",
        "order": "orderOfAppearance",
        "status": "standard"
      },
      "src": {
        "syntax": "[ &lt;url&gt; format(&lt;string&gt;#)? | local(&lt;family-name&gt;) ]#",
        "media": "all",
        "initial": "n/a (required)",
        "percentages": "no",
        "computed": "asSpecified",
        "order": "orderOfAppearance",
        "status": "standard"
      },
      "unicode-range": {
        "syntax": "&lt;unicode-range&gt;#",
        "media": "all",
        "initial": "<code>U+0-10FFFF</code>",
        "percentages": "no",
        "computed": "asSpecified",
        "order": "orderOfAppearance",
        "status": "standard"
      }
    },
    "status": "standard"
  },
  "@font-feature-values": {
    "syntax": "@font-feature-values &lt;family-name&gt;# {\n  &lt;feature-value-block-list&gt;\n}",
    "interfaces": [
      "CSSFontFeatureValuesRule"
    ],
    "groups": [
      "CSS Fonts"
    ],
    "status": "standard"
  },
  "@import": {
    "syntax": "@import [ &lt;string&gt; | &lt;url&gt; ] [ &lt;media-query-list&gt; ]?;",
    "groups": [
      "Media Queries"
    ],
    "status": "standard"
  },
  "@keyframes": {
    "syntax": "@keyframes &lt;keyframes-name&gt; {\n  &lt;keyframe-block-list&gt;\n}",
    "interfaces": [
      "CSSKeyframeRule",
      "CSSKeyframesRule"
    ],
    "groups": [
      "CSS Animations"
    ],
    "status": "standard"
  },
  "@media": {
    "syntax": "@media &lt;media-query-list&gt; {\n  &lt;group-rule-body&gt;\n}",
    "interfaces": [
      "CSSGroupingRule",
      "CSSConditionRule",
      "CSSMediaRule",
      "CSSCustomMediaRule"
    ],
    "groups": [
      "CSS Conditional Rules",
      "Media Queries"
    ],
    "status": "standard"
  },
  "@namespace": {
    "syntax": "@namespace &lt;namespace-prefix&gt;? [ &lt;string&gt; | &lt;url&gt; ];",
    "groups": [
      "CSS Namespaces"
    ],
    "status": "standard"
  },
  "@page": {
    "syntax": "@page &lt;page-selector-list&gt; {\n  &lt;page-body&gt;\n}",
    "interfaces": [
      "CSSPageRule"
    ],
    "groups": [
      "CSS Pages"
    ],
    "descriptors": {
      "bleed": {
        "syntax": "auto | &lt;length&gt;",
        "media": "visual, paged",
        "initial": "<code>auto</code>",
        "percentages": "no",
        "computed": "asSpecified",
        "order": "uniqueOrder",
        "status": "experimental"
      },
      "marks": {
        "syntax": "none | [ crop || cross ]",
        "media": "visual, paged",
        "initial": "<code>none</code>",
        "percentages": "no",
        "computed": "asSpecified",
        "order": "orderOfAppearance",
        "status": "experimental"
      }
    },
    "status": "standard"
  },
  "@supports": {
    "syntax": "@supports &lt;supports-condition&gt; {\n  &lt;group-rule-body&gt;\n}",
    "interfaces": [
      "CSSGroupingRule",
      "CSSConditionRule",
      "CSSSupportsRule"
    ],
    "groups": [
      "CSS Conditional Rules"
    ],
    "status": "standard"
  },
  "@viewport": {
    "syntax": "@viewport {\n  &lt;group-rule-body&gt;\n}",
    "interfaces": [
      "CSSViewportRule"
    ],
    "groups": [
      "CSS Device Adaptation"
    ],
    "descriptors": {
      "height": {
        "syntax": "&lt;viewport-length&gt;{1,2}",
        "media": "visual, continuous",
        "initial": [
          "min-height",
          "max-height"
        ],
        "percentages": [
          "min-height",
          "max-height"
        ],
        "computed": [
          "min-height",
          "max-height"
        ],
        "order": "orderOfAppearance",
        "status": "standard"
      },
      "max-height": {
        "syntax": "&lt;viewport-length&gt;",
        "media": "visual, continuous",
        "initial": "<code>auto</code>",
        "percentages": "referToHeightOfInitialViewport",
        "computed": "lengthAbsolutePercentageAsSpecifiedOtherwiseAuto",
        "order": "uniqueOrder",
        "status": "standard"
      },
      "max-width": {
        "syntax": "&lt;viewport-length&gt;",
        "media": "visual, continuous",
        "initial": "<code>auto</code>",
        "percentages": "referToWidthOfInitialViewport",
        "computed": "lengthAbsolutePercentageAsSpecifiedOtherwiseAuto",
        "order": "uniqueOrder",
        "status": "standard"
      },
      "max-zoom": {
        "syntax": "auto | &lt;number&gt; | &lt;percentage&gt;",
        "media": "visual, continuous",
        "initial": "<code>auto</code>",
        "percentages": "the zoom factor itself",
        "computed": "autoNonNegativeOrPercentage",
        "order": "uniqueOrder",
        "status": "standard"
      },
      "min-height": {
        "syntax": "&lt;viewport-length&gt;",
        "media": "visual, continuous",
        "initial": "<code>auto</code>",
        "percentages": "referToHeightOfInitialViewport",
        "computed": "lengthAbsolutePercentageAsSpecifiedOtherwiseAuto",
        "order": "uniqueOrder",
        "status": "standard"
      },
      "min-width": {
        "syntax": "&lt;viewport-length&gt;",
        "media": "visual, continuous",
        "initial": "<code>auto</code>",
        "percentages": "referToWidthOfInitialViewport",
        "computed": "lengthAbsolutePercentageAsSpecifiedOtherwiseAuto",
        "order": "uniqueOrder",
        "status": "standard"
      },
      "min-zoom": {
        "syntax": "auto | &lt;number&gt; | &lt;percentage&gt;",
        "media": "visual, continuous",
        "initial": "<code>auto</code>",
        "percentages": "the zoom factor itself",
        "computed": "autoNonNegativeOrPercentage",
        "order": "uniqueOrder",
        "status": "standard"
      },
      "orientation": {
        "syntax": "auto | portrait | landscape",
        "media": "visual, continuous",
        "initial": "<code>auto</code>",
        "percentages": "referToSizeOfBoundingBox",
        "computed": "asSpecified",
        "order": "uniqueOrder",
        "status": "standard"
      },
      "user-zoom": {
        "syntax": "zoom | fixed",
        "media": "visual, continuous",
        "initial": "<code>zoom</code>",
        "percentages": "referToSizeOfBoundingBox",
        "computed": "asSpecified",
        "order": "uniqueOrder",
        "status": "standard"
      },
      "width": {
        "syntax": "&lt;viewport-length&gt;{1,2}",
        "media": "visual, continuous",
        "initial": [
          "min-width",
          "max-width"
        ],
        "percentages": [
          "min-width",
          "max-width"
        ],
        "computed": [
          "min-width",
          "max-width"
        ],
        "order": "orderOfAppearance",
        "status": "standard"
      },
      "zoom": {
        "syntax": "auto | &lt;number&gt; | &lt;percentage&gt;",
        "media": "visual, continuous",
        "initial": "<code>auto</code>",
        "percentages": "the zoom factor itself",
        "computed": "autoNonNegativeOrPercentage",
        "order": "uniqueOrder",
        "status": "standard"
      }
    },
    "status": "standard"
  }
}
