{
  "absolute-size": "xx-small | x-small | small | medium | large | x-large | xx-large",
  "alpha-value": "&lt;number&gt; | &lt;percentage&gt;",
  "an-plus-b": "<var>A</var>n+<var>B</var> | even | odd",
  "angle-percentage": "&lt;angle&gt; | &lt;percentage&gt;",
  "animateable-feature": "scroll-position | contents | &lt;custom-ident&gt;",
  "attachment": "scroll | fixed | local",
  "attr()": "attr( &lt;attr-name&gt; &lt;type-or-unit&gt;? [, &lt;attr-fallback&gt; ]? )",
  "auto-repeat": "repeat( [ auto-fill | auto-fit ] , [ &lt;line-names&gt;? &lt;fixed-size&gt; ]+ &lt;line-names&gt;? )",
  "auto-track-list": "[ &lt;line-names&gt;? [ &lt;fixed-size&gt; | &lt;fixed-repeat&gt; ] ]* &lt;line-names&gt;? &lt;auto-repeat&gt;\n[ &lt;line-names&gt;? [ &lt;fixed-size&gt; | &lt;fixed-repeat&gt; ] ]* &lt;line-names&gt;?",
  "basic-shape": "&lt;inset()&gt; | &lt;circle()&gt; | &lt;ellipse()&gt; | &lt;polygon()&gt;",
  "bg-image": "none | &lt;image&gt;",
  "bg-layer": "&lt;bg-image&gt; || &lt;position&gt; [ / &lt;bg-size&gt; ]? || &lt;repeat-style&gt; || &lt;attachment&gt; || &lt;box&gt;{1,2}",
  "bg-size": "[ &lt;length-percentage&gt; | auto ]{1,2} | cover | contain",
  "blur()": "blur( &lt;length&gt; )",
  "blend-mode": "normal | multiply | screen | overlay | darken | lighten | color-dodge | color-burn | hard-light | soft-light | difference | exclusion | hue | saturation | color | luminosity",
  "box": "border-box | padding-box | content-box",
  "br-style": "none | hidden | dotted | dashed | solid | double | groove | ridge | inset | outset",
  "br-width": "&lt;length&gt; | thin | medium | thick",
  "brightness()": "brightness( &lt;number-percentage&gt; )",
  "calc()": "calc( &lt;calc-sum&gt; )",
  "calc-sum": "&lt;calc-product&gt; [ [ '+' | '-' ] &lt;calc-product&gt; ]*",
  "calc-product": "&lt;calc-value&gt; [ '*' &lt;calc-value&gt; | '/' &lt;number&gt; ]*",
  "calc-value": "&lt;number&gt; | &lt;dimension&gt; | &lt;percentage&gt; | ( &lt;calc-sum&gt; )",
  "cf-final-image": "&lt;image&gt; | &lt;color&gt;",
  "cf-mixing-image": "&lt;percentage&gt;? &amp;&amp; &lt;image&gt;",
  "circle()": "circle( [ &lt;shape-radius&gt; ]? [ at &lt;position&gt; ]? )",
  "clip-source": "&lt;url&gt;",
  "color": "&lt;rgb()&gt; | &lt;rgba()&gt; | &lt;hsl()&gt; | &lt;hsla()&gt; | &lt;hex-color&gt; | &lt;named-color&gt; | currentcolor | &lt;deprecated-system-color&gt;",
  "color-stop": "&lt;color&gt; &lt;length-percentage&gt;?",
  "color-stop-list": "&lt;color-stop&gt;{2,}",
  "common-lig-values": "[ common-ligatures | no-common-ligatures ]",
  "composite-style": "clear | copy | source-over | source-in | source-out | source-atop | destination-over | destination-in | destination-out | destination-atop | xor",
  "compositing-operator": "add | subtract | intersect | exclude",
  "contextual-alt-values": "[ contextual | no-contextual ]",
  "content-list": "[ &lt;string&gt; | contents | &lt;url&gt; | &lt;quote&gt; | &lt;target&gt; | &lt;leader()&gt; ]+",
  "contrast()": "contrast( [ &lt;number-percentage&gt; ] )",
  "counter-style": "&lt;counter-style-name&gt; | symbols()",
  "counter-style-name": "&lt;custom-ident&gt;",
  "cross-fade()": "cross-fade( &lt;cf-mixing-image&gt; , &lt;cf-final-image&gt;? )",
  "deprecated-system-color": "ActiveBorder | ActiveCaption | AppWorkspace | Background | ButtonFace | ButtonHighlight | ButtonShadow | ButtonText | CaptionText | GrayText | Highlight | HighlightText | InactiveBorder | InactiveCaption | InactiveCaptionText | InfoBackground | InfoText | Menu | MenuText | Scrollbar | ThreeDDarkShadow | ThreeDFace | ThreeDHighlight | ThreeDLightShadow | ThreeDShadow | Window | WindowFrame | WindowText",
  "discretionary-lig-values": "[ discretionary-ligatures | no-discretionary-ligatures ]",
  "display-box": "contents | none",
  "display-inside": "flow | flow-root | table | flex | grid | subgrid | ruby",
  "display-internal": "table-row-group | table-header-group | table-footer-group | table-row | table-cell | table-column-group | table-column | table-caption | ruby-base | ruby-text | ruby-base-container | ruby-text-container",
  "display-legacy": "inline-block | inline-list-item | inline-table | inline-flex | inline-grid",
  "display-listitem": "list-item &amp;&amp; &lt;display-outside&gt;? &amp;&amp; [ flow | flow-root ]?",
  "display-outside": "block | inline | run-in",
  "drop-shadow()": "drop-shadow( &lt;length&gt;{2,3} &lt;color&gt;? )",
  "east-asian-variant-values": "[ jis78 | jis83 | jis90 | jis04 | simplified | traditional ]",
  "east-asian-width-values": "[ full-width | proportional-width ]",
  "element()": "element( &lt;id-selector&gt; )",
  "ellipse()": "ellipse( [ &lt;shape-radius&gt;{2} ]? [ at &lt;position&gt; ]? )",
  "ending-shape": "circle | ellipse",
  "explicit-track-list": "[ &lt;line-names&gt;? &lt;track-size&gt; ]+ &lt;line-names&gt;?",
  "family-name": "&lt;string&gt; | &lt;custom-ident&gt;+",
  "feature-tag-value": "&lt;string&gt; [ &lt;integer&gt; | on | off ]?",
  "feature-type": "@stylistic | @historical-forms | @styleset | @character-variant | @swash | @ornaments | @annotation",
  "feature-value-block": "&lt;feature-type&gt; {\n  &lt;feature-value-declaration-list&gt;\n}",
  "feature-value-block-list": "&lt;feature-value-block&gt;+",
  "feature-value-declaration": "&lt;custom-ident&gt;: &lt;integer&gt;+;",
  "feature-value-declaration-list": "&lt;feature-value-declaration&gt;",
  "feature-value-name": "&lt;custom-ident&gt;",
  "fill-rule": "nonzero | evenodd",
  "filter-function": "&lt;blur()&gt; | &lt;brightness()&gt; | &lt;contrast()&gt; | &lt;drop-shadow()&gt; | &lt;grayscale()&gt; | &lt;hue-rotate()&gt; | &lt;invert()&gt; | &lt;opacity()&gt; | &lt;sepia()&gt; | &lt;saturate()&gt;",
  "filter-function-list": "[ &lt;filter-function&gt; | &lt;url&gt; ]+",
  "final-bg-layer": "&lt;bg-image&gt; || &lt;position&gt; [ / &lt;bg-size&gt; ]? || &lt;repeat-style&gt; || &lt;attachment&gt; || &lt;box&gt; || &lt;box&gt; || &lt;'background-color'&gt;",
  "fit-content()": "fit-content( [ &lt;length&gt; | &lt;percentage&gt; ] )",
  "fixed-breadth": "&lt;length-percentage&gt;",
  "fixed-repeat": "repeat( [ &lt;positive-integer&gt; ] , [ &lt;line-names&gt;? &lt;fixed-size&gt; ]+ &lt;line-names&gt;? )",
  "fixed-size": "&lt;fixed-breadth&gt; | minmax( &lt;fixed-breadth&gt; , &lt;track-breadth&gt; ) | minmax( &lt;inflexible-breadth&gt; , &lt;fixed-breadth&gt; )",
  "font-variant-css21": "[ normal | small-caps ]",
  "frequency-percentage": "&lt;frequency&gt; | &lt;percentage&gt;",
  "general-enclosed": "[ &lt;function-token&gt; &lt;any-value&gt; ) ] | ( &lt;ident&gt; &lt;any-value&gt; )",
  "generic-family": "serif | sans-serif | cursive | fantasy | monospace",
  "generic-name": "serif | sans-serif | cursive | fantasy | monospace",
  "geometry-box": "&lt;shape-box&gt; | fill-box | stroke-box | view-box",
  "gradient": "&lt;linear-gradient()&gt; | &lt;repeating-linear-gradient()&gt; | &lt;radial-gradient()&gt; | &lt;repeating-radial-gradient()&gt;",
  "grayscale()": "grayscale( &lt;number-percentage&gt; )",
  "grid-line": "auto | &lt;custom-ident&gt; | [ &lt;integer&gt; &amp;&amp; &lt;custom-ident&gt;? ] | [ span &amp;&amp; [ &lt;integer&gt; || &lt;custom-ident&gt; ] ]",
  "historical-lig-values": "[ historical-ligatures | no-historical-ligatures ]",
  "hsl()": "hsl( [ &lt;hue&gt; &lt;percentage&gt; &lt;percentage&gt; [ / &lt;alpha-value&gt; ]? ] | [ &lt;hue&gt;, &lt;percentage&gt;, &lt;percentage&gt;, &lt;alpha-value&gt;? ] )",
  "hsla()": "hsla( [ &lt;hue&gt; &lt;percentage&gt; &lt;percentage&gt; [ / &lt;alpha-value&gt; ]? ] | [ &lt;hue&gt;, &lt;percentage&gt;, &lt;percentage&gt;, &lt;alpha-value&gt;? ] )",
  "hue": "&lt;number&gt; | &lt;angle&gt;",
  "hue-rotate()": "hue-rotate( &lt;angle&gt; )",
  "image": "&lt;url&gt; | &lt;image()&gt; | &lt;image-set()&gt; | &lt;element()&gt; | &lt;cross-fade()&gt; | &lt;gradient&gt;",
  "image()": "image( [ [ &lt;image&gt; | &lt;string&gt; ]? , &lt;color&gt;? ]! )",
  "image-set()": "image-set( &lt;image-set-option&gt;# )",
  "image-set-option": "[ &lt;image&gt; | &lt;string&gt; ] &lt;resolution&gt;",
  "inflexible-breadth": "&lt;length&gt; | &lt;percentage&gt; | min-content | max-content | auto",
  "inset()": "inset( &lt;length-percentage&gt;{1,4} [ round &lt;border-radius&gt; ]? )",
  "invert()": "invert( &lt;number-percentage&gt; )",
  "keyframes-name": "&lt;custom-ident&gt; | &lt;string&gt;",
  "keyframe-block": "&lt;keyframe-selector&gt;# {\n  &lt;declaration-list&gt;\n}",
  "keyframe-block-list": "&lt;keyframe-block&gt;+",
  "keyframe-selector": "from | to | &lt;percentage&gt;",
  "leader()": "leader( dotted | solid | space | &lt;string&gt; )",
  "length-percentage": "&lt;length&gt; | &lt;percentage&gt;",
  "line-names": "'[' &lt;custom-ident&gt;* ']'",
  "line-name-list": "[ &lt;line-names&gt; | &lt;name-repeat&gt; ]+",
  "linear-gradient()": "linear-gradient( [ &lt;angle&gt; | to &lt;side-or-corner&gt; ]? , &lt;color-stop-list&gt; )",
  "mask-layer": "&lt;mask-reference&gt; || &lt;position&gt; [ / &lt;bg-size&gt; ]? || &lt;repeat-style&gt; || &lt;geometry-box&gt; || [ &lt;geometry-box&gt; | no-clip ] || &lt;compositing-operator&gt; || &lt;masking-mode&gt;",
  "mask-position": "[ &lt;length-percentage&gt; | left | center | right ] [ &lt;length-percentage&gt; | top | center | bottom ]?",
  "mask-reference": "none | &lt;image&gt; | &lt;mask-source&gt;",
  "mask-source": "&lt;url&gt;",
  "masking-mode": "alpha | luminance | match-source",
  "matrix()": "matrix( &lt;number&gt; [, &lt;number&gt; ]{5,5} )",
  "matrix3d()": "matrix3d( &lt;number&gt; [, &lt;number&gt; ]{15,15} )",
  "media-and": "&lt;media-in-parens&gt; [ and &lt;media-in-parens&gt; ]+",
  "media-condition": "&lt;media-not&gt; | &lt;media-and&gt; | &lt;media-or&gt; | &lt;media-in-parens&gt;",
  "media-condition-without-or": "&lt;media-not&gt; | &lt;media-and&gt; | &lt;media-in-parens&gt;",
  "media-feature": "( [ &lt;mf-plain&gt; | &lt;mf-boolean&gt; | &lt;mf-range&gt; ] )",
  "media-in-parens": "( &lt;media-condition&gt; ) | &lt;media-feature&gt; | &lt;general-enclosed&gt;",
  "media-not": "not &lt;media-in-parens&gt;",
  "media-or": "&lt;media-in-parens&gt; [ or &lt;media-in-parens&gt; ]+",
  "media-query": "&lt;media-condition&gt; | [ not | only ]? &lt;media-type&gt; [ and &lt;media-condition-without-or&gt; ]?",
  "media-query-list": "&lt;media-query&gt;#",
  "media-type": "&lt;ident&gt;",
  "mf-boolean": "&lt;mf-name&gt;",
  "mf-name": "&lt;ident&gt;",
  "mf-plain": "&lt;mf-name&gt; : &lt;mf-value&gt;",
  "mf-range": "&lt;mf-name&gt; [ '&lt;' | '&gt;' ]? '='? &lt;mf-value&gt;\n| &lt;mf-value&gt; [ '&lt;' | '&gt;' ]? '='? &lt;mf-name&gt;\n| &lt;mf-value&gt; '&lt;' '='? &lt;mf-name&gt; '&lt;' '='? &lt;mf-value&gt;\n| &lt;mf-value&gt; '&gt;' '='? &lt;mf-name&gt; '&gt;' '='? &lt;mf-value&gt;",
  "mf-value": "&lt;number&gt; | &lt;dimension&gt; | &lt;ident&gt; | &lt;ratio&gt;",
  "minmax()": "minmax( <var>min</var>, <var>max</var> )",
  "named-color": "transparent | aliceblue | antiquewhite | aqua | aquamarine | azure | beige | bisque | black | blanchedalmond | blue | blueviolet | brown | burlywood | cadetblue | chartreuse | chocolate | coral | cornflowerblue | cornsilk | crimson | cyan | darkblue | darkcyan | darkgoldenrod | darkgray | darkgreen | darkgrey | darkkhaki | darkmagenta | darkolivegreen | darkorange | darkorchid | darkred | darksalmon | darkseagreen | darkslateblue | darkslategray | darkslategrey | darkturquoise | darkviolet | deeppink | deepskyblue | dimgray | dimgrey | dodgerblue | firebrick | floralwhite | forestgreen | fuchsia | gainsboro | ghostwhite | gold | goldenrod | gray | green | greenyellow | grey | honeydew | hotpink | indianred | indigo | ivory | khaki | lavender | lavenderblush | lawngreen | lemonchiffon | lightblue | lightcoral | lightcyan | lightgoldenrodyellow | lightgray | lightgreen | lightgrey | lightpink | lightsalmon | lightseagreen | lightskyblue | lightslategray | lightslategrey | lightsteelblue | lightyellow | lime | limegreen | linen | magenta | maroon | mediumaquamarine | mediumblue | mediumorchid | mediumpurple | mediumseagreen | mediumslateblue | mediumspringgreen | mediumturquoise | mediumvioletred | midnightblue | mintcream | mistyrose | moccasin | navajowhite | navy | oldlace | olive | olivedrab | orange | orangered | orchid | palegoldenrod | palegreen | paleturquoise | palevioletred | papayawhip | peachpuff | peru | pink | plum | powderblue | purple | rebeccapurple | red | rosybrown | royalblue | saddlebrown | salmon | sandybrown | seagreen | seashell | sienna | silver | skyblue | slateblue | slategray | slategrey | snow | springgreen | steelblue | tan | teal | thistle | tomato | turquoise | violet | wheat | white | whitesmoke | yellow | yellowgreen",
  "namespace-prefix": "&lt;ident&gt;",
  "number-percentage": "&lt;number&gt; | &lt;percentage&gt;",
  "numeric-figure-values": "[ lining-nums | oldstyle-nums ]",
  "numeric-fraction-values": "[ diagonal-fractions | stacked-fractions ]",
  "numeric-spacing-values": "[ proportional-nums | tabular-nums ]",
  "opacity()": "opacity( [ &lt;number-percentage&gt; ] )",
  "page-body": "&lt;declaration&gt;? [ ; &lt;page-body&gt; ]? | &lt;page-margin-box&gt; &lt;page-body&gt;",
  "page-margin-box": "&lt;page-margin-box-type&gt; {\n  &lt;declaration-list&gt;\n}",
  "page-margin-box-type": "@top-left-corner | @top-left | @top-center | @top-right | @top-right-corner | @bottom-left-corner | @bottom-left | @bottom-center | @bottom-right | @bottom-right-corner | @left-top | @left-middle | @left-bottom | @right-top | @right-middle | @right-bottom",
  "page-selector-list": "[ &lt;page-selector&gt;# ]?",
  "page-selector": "&lt;pseudo-page&gt;+ | &lt;ident&gt; &lt;pseudo-page&gt;*",
  "perspective()": "perspective( &lt;length&gt; )",
  "polygon()": "polygon( &lt;fill-rule&gt;? , [ &lt;length-percentage&gt; &lt;length-percentage&gt; ]# )",
  "position": "[[ left | center | right | top | bottom | &lt;length-percentage&gt; ] | [ left | center | right | &lt;length-percentage&gt; ] [ top | center | bottom | &lt;length-percentage&gt; ] | [ center | [ left | right ] &lt;length-percentage&gt;? ] &amp;&amp; [ center | [ top | bottom ] &lt;length-percentage&gt;? ]]",
  "pseudo-page": ": [ left | right | first | blank ]",
  "quote": "open-quote | close-quote | no-open-quote | no-close-quote",
  "radial-gradient()": "radial-gradient( [ &lt;ending-shape&gt; || &lt;size&gt; ]? [ at &lt;position&gt; ]? , &lt;color-stop-list&gt; )",
  "relative-size": "larger | smaller",
  "repeat-style": "repeat-x | repeat-y | [ repeat | space | round | no-repeat ]{1,2}",
  "repeating-linear-gradient()": "repeating-linear-gradient( [ &lt;angle&gt; | to &lt;side-or-corner&gt; ]? , &lt;color-stop-list&gt; )",
  "repeating-radial-gradient()": "repeating-radial-gradient( [ &lt;ending-shape&gt; || &lt;size&gt; ]? [ at &lt;position&gt; ]? , &lt;color-stop-list&gt; )",
  "rgb()": "rgb( [ [ &lt;percentage&gt;{3} | &lt;number&gt;{3} ] [ / &lt;alpha-value&gt; ]? ] | [ [ &lt;percentage&gt;#{3} | &lt;number&gt;#{3} ] , &lt;alpha-value&gt;? ] )",
  "rgba()": "rgba( [ [ &lt;percentage&gt;{3} | &lt;number&gt;{3} ] [ / &lt;alpha-value&gt; ]? ] | [ [ &lt;percentage&gt;#{3} | &lt;number&gt;#{3} ] , &lt;alpha-value&gt;? ] )",
  "rotate()": "rotate( &lt;angle&gt; )",
  "rotate3d()": "rotate3d( &lt;number&gt; , &lt;number&gt; , &lt;number&gt; , &lt;angle&gt; )",
  "rotateX()": "rotateX( &lt;angle&gt; )",
  "rotateY()": "rotateY( &lt;angle&gt; )",
  "rotateZ()": "rotateZ( &lt;angle&gt; )",
  "saturate()": "saturate( &lt;number-percentage&gt; )",
  "scale()": "scale( &lt;number&gt; [, &lt;number&gt; ]? )",
  "scale3d()": "scale3d( &lt;number&gt; , &lt;number&gt; , &lt;number&gt; )",
  "scaleX()": "scaleX( &lt;number&gt; )",
  "scaleY()": "scaleY( &lt;number&gt; )",
  "scaleZ()": "scaleZ( &lt;number&gt; )",
  "shape-radius": "&lt;length-percentage&gt; | closest-side | farthest-side",
  "skew()": "skew( &lt;angle&gt; [, &lt;angle&gt; ]? )",
  "skewX()": "skewX( &lt;angle&gt; )",
  "skewY()": "skewY( &lt;angle&gt; )",
  "sepia()": "sepia( &lt;number-percentage&gt; )",
  "shadow": "inset? &amp;&amp; &lt;length&gt;{2,4} &amp;&amp; &lt;color&gt;?",
  "shadow-t": "[ &lt;length&gt;{2,3} &amp;&amp; &lt;color&gt;? ]",
  "shape": "rect(&lt;top&gt;, &lt;right&gt;, &lt;bottom&gt;, &lt;left&gt;)",
  "shape-box": "&lt;box&gt; | margin-box",
  "side-or-corner": "[ left | right ] || [ top | bottom ]",
  "single-animation": "&lt;time&gt; || &lt;single-timing-function&gt; || &lt;time&gt; || &lt;single-animation-iteration-count&gt; || &lt;single-animation-direction&gt; || &lt;single-animation-fill-mode&gt; || &lt;single-animation-play-state&gt; || [ none | &lt;keyframes-name&gt; ]",
  "single-animation-direction": "normal | reverse | alternate | alternate-reverse",
  "single-animation-fill-mode": "none | forwards | backwards | both",
  "single-animation-iteration-count": "infinite | &lt;number&gt;",
  "single-animation-play-state": "running | paused",
  "single-timing-function": "&lt;single-transition-timing-function&gt;",
  "single-transition": "[ none | &lt;single-transition-property&gt; ] || &lt;time&gt; || &lt;single-transition-timing-function&gt; || &lt;time&gt;",
  "single-transition-timing-function": "ease | linear | ease-in | ease-out | ease-in-out | step-start | step-end | steps( &lt;integer&gt; [, [ start | end ] ]? ) | cubic-bezier( &lt;number&gt;, &lt;number&gt;, &lt;number&gt;, &lt;number&gt; )",
  "single-transition-property": "all | &lt;custom-ident&gt;",
  "size": "closest-side | farthest-side | closest-corner | farthest-corner | &lt;length&gt; | &lt;length-percentage&gt;{2}",
  "symbol": "&lt;string&gt; | &lt;image&gt; | &lt;ident&gt;",
  "target": "&lt;target-counter()&gt; | &lt;target-counters()&gt; | &lt;target-text()&gt;",
  "target-counter()": "target-counter( [ &lt;string&gt; | &lt;url&gt; ] , &lt;custom-ident&gt; [, &lt;counter-style&gt; ]? )",
  "target-counters()": "target-counters( [ &lt;string&gt; | &lt;url&gt; ] , &lt;custom-ident&gt; , &lt;string&gt; [, &lt;counter-style&gt; ]? )",
  "target-text()": "target-text( [ &lt;string&gt; | &lt;url&gt; ] [, [ content | before | after | first-letter ] ]? )",
  "time-percentage": "&lt;time&gt; | &lt;percentage&gt;",
  "track-breadth": "&lt;length-percentage&gt; | &lt;flex&gt; | min-content | max-content | auto",
  "track-list": "[ &lt;line-names&gt;? [ &lt;track-size&gt; | &lt;track-repeat&gt; ] ]+ &lt;line-names&gt;?",
  "track-repeat": "repeat( [ &lt;positive-integer&gt; ] , [ &lt;line-names&gt;? &lt;track-size&gt; ]+ &lt;line-names&gt;? )",
  "track-size": "&lt;track-breadth&gt; | minmax( &lt;inflexible-breadth&gt; , &lt;track-breadth&gt; ) | fit-content( [ &lt;length&gt; | &lt;percentage&gt; ] )",
  "transform-function": "[ &lt;matrix()&gt; || &lt;translate()&gt; || &lt;translateX()&gt; || &lt;translateY()&gt; || &lt;scale()&gt; || &lt;scaleX()&gt; || &lt;scaleY()&gt; || &lt;rotate()&gt; || &lt;skew()&gt; || &lt;skewX()&gt; || &lt;skewY()&gt; || &lt;matrix3d()&gt; || &lt;translate3d()&gt; || &lt;translateZ()&gt; || &lt;scale3d()&gt; || &lt;scaleZ()&gt; || &lt;rotate3d()&gt; || &lt;rotateX()&gt; || &lt;rotateY()&gt; || &lt;rotateZ()&gt; || &lt;perspective()&gt; ]+",
  "transform-list": "&lt;transform-function&gt;+",
  "translate()": "translate( &lt;length-percentage&gt; [, &lt;length-percentage&gt; ]? )",
  "translate3d()": "translate3d( &lt;length-percentage&gt; , &lt;length-percentage&gt; , &lt;length&gt; )",
  "translateX()": "translateX( &lt;length-percentage&gt; )",
  "translateY()": "translateY( &lt;length-percentage&gt; )",
  "translateZ()": "translateZ( &lt;length&gt; )",
  "type-or-unit": "string | integer | color | url | integer | number | length | angle | time | frequency | em | ex | px | rem | vw | vh | vmin | vmax | mm | q | cm | in | pt | pc | deg | grad | rad | ms | s | Hz | kHz | %",
  "var()": "var( &lt;custom-property-name&gt; [, &lt;declaration-value&gt; ]? )",
  "viewport-length": "auto | &lt;length-percentage&gt;"
}
